C:\Users\Timothy\Project\Captcha\training/Burnt-1\3359.png,0
C:\Users\Timothy\Project\Captcha\training/Burnt-1\336V.png,0
C:\Users\Timothy\Project\Captcha\training/Burnt-1\338R.png,0
C:\Users\Timothy\Project\Captcha\training/Burnt-1\33EK.png,0
C:\Users\Timothy\Project\Captcha\training/Burnt-1\33H3.png,0
C:\Users\Timothy\Project\Captcha\training/Burnt-1\33HN.png,0
C:\Users\Timothy\Project\Captcha\training/Burnt-1\33NP.png,0
C:\Users\Timothy\Project\Captcha\training/Burnt-1\33PY.png,0
C:\Users\Timothy\Project\Captcha\training/Burnt-1\33TY.png,0
C:\Users\Timothy\Project\Captcha\training/Burnt-1\3454.png,0
C:\Users\Timothy\Project\Captcha\training/Burnt-1\345E.png,0
C:\Users\Timothy\Project\Captcha\training/Burnt-1\34AV.png,0
C:\Users\Timothy\Project\Captcha\training/Burnt-1\34E3.png,0
C:\Users\Timothy\Project\Captcha\training/Burnt-1\34JD.png,0
C:\Users\Timothy\Project\Captcha\training/Burnt-1\34K4.png,0
C:\Users\Timothy\Project\Captcha\training/Burnt-1\34KN.png,0
C:\Users\Timothy\Project\Captcha\training/Burnt-1\34N5.png,0
C:\Users\Timothy\Project\Captcha\training/Burnt-1\34S8.png,0
C:\Users\Timothy\Project\Captcha\training/Burnt-1\34UN.png,0
C:\Users\Timothy\Project\Captcha\training/Burnt-1\34UT.png,0
C:\Users\Timothy\Project\Captcha\training/Burnt-1\35BT.png,0
C:\Users\Timothy\Project\Captcha\training/Burnt-1\35SD.png,0
C:\Users\Timothy\Project\Captcha\training/Burnt-1\35TP.png,0
C:\Users\Timothy\Project\Captcha\training/Burnt-1\363E.png,0
C:\Users\Timothy\Project\Captcha\training/Burnt-1\3654.png,0
C:\Users\Timothy\Project\Captcha\training/Burnt-1\366C.png,0
C:\Users\Timothy\Project\Captcha\training/Burnt-1\36TE.png,0
C:\Users\Timothy\Project\Captcha\training/Burnt-1\36VB.png,0
C:\Users\Timothy\Project\Captcha\training/Burnt-1\36X8.png,0
C:\Users\Timothy\Project\Captcha\training/Burnt-1\385H.png,0
C:\Users\Timothy\Project\Captcha\training/Burnt-1\388B.png,0
C:\Users\Timothy\Project\Captcha\training/Burnt-1\38AM.png,0
C:\Users\Timothy\Project\Captcha\training/Burnt-1\38D9.png,0
C:\Users\Timothy\Project\Captcha\training/Burnt-1\38J8.png,0
C:\Users\Timothy\Project\Captcha\training/Burnt-1\38JB.png,0
C:\Users\Timothy\Project\Captcha\training/Burnt-1\38K4.png,0
C:\Users\Timothy\Project\Captcha\training/Burnt-1\38N6.png,0
C:\Users\Timothy\Project\Captcha\training/Burnt-1\38SD.png,0
C:\Users\Timothy\Project\Captcha\training/Burnt-1\394C.png,0
C:\Users\Timothy\Project\Captcha\training/Burnt-1\399B.png,0
C:\Users\Timothy\Project\Captcha\training/Burnt-1\39VW.png,0
C:\Users\Timothy\Project\Captcha\training/Burnt-1\3A38.png,0
C:\Users\Timothy\Project\Captcha\training/Burnt-1\3A66.png,0
C:\Users\Timothy\Project\Captcha\training/Burnt-1\3A9M.png,0
C:\Users\Timothy\Project\Captcha\training/Burnt-1\3AK4.png,0
C:\Users\Timothy\Project\Captcha\training/Burnt-1\3ARM.png,0
C:\Users\Timothy\Project\Captcha\training/Burnt-1\3AT9.png,0
C:\Users\Timothy\Project\Captcha\training/Burnt-1\3AYR.png,0
C:\Users\Timothy\Project\Captcha\training/Burnt-1\3B4W.png,0
C:\Users\Timothy\Project\Captcha\training/Burnt-1\3BHB.png,0
C:\Users\Timothy\Project\Captcha\training/Burnt-1\3BR8.png,0
C:\Users\Timothy\Project\Captcha\training/Burnt-1\3BRM.png,0
C:\Users\Timothy\Project\Captcha\training/Burnt-1\3BSX.png,0
C:\Users\Timothy\Project\Captcha\training/Burnt-1\3BXK.png,0
C:\Users\Timothy\Project\Captcha\training/Burnt-1\3BYS.png,0
C:\Users\Timothy\Project\Captcha\training/Burnt-1\3C6V.png,0
C:\Users\Timothy\Project\Captcha\training/Burnt-1\3CDN.png,0
C:\Users\Timothy\Project\Captcha\training/Burnt-1\3CMD.png,0
C:\Users\Timothy\Project\Captcha\training/Burnt-1\3CMY.png,0
C:\Users\Timothy\Project\Captcha\training/Burnt-1\3CP6.png,0
C:\Users\Timothy\Project\Captcha\training/Burnt-1\3CU8.png,0
C:\Users\Timothy\Project\Captcha\training/Burnt-1\3DBE.png,0
C:\Users\Timothy\Project\Captcha\training/Burnt-1\3DHY.png,0
C:\Users\Timothy\Project\Captcha\training/Burnt-1\3DKB.png,0
C:\Users\Timothy\Project\Captcha\training/Burnt-1\3DKH.png,0
C:\Users\Timothy\Project\Captcha\training/Burnt-1\3DM3.png,0
C:\Users\Timothy\Project\Captcha\training/Burnt-1\3DTB.png,0
C:\Users\Timothy\Project\Captcha\training/Burnt-1\3DUT.png,0
C:\Users\Timothy\Project\Captcha\training/Burnt-1\3DUV.png,0
C:\Users\Timothy\Project\Captcha\training/Burnt-1\3E3K.png,0
C:\Users\Timothy\Project\Captcha\training/Burnt-1\3E55.png,0
C:\Users\Timothy\Project\Captcha\training/Burnt-1\3E65.png,0
C:\Users\Timothy\Project\Captcha\training/Burnt-1\3EA9.png,0
C:\Users\Timothy\Project\Captcha\training/Burnt-1\3EK6.png,0
C:\Users\Timothy\Project\Captcha\training/Burnt-1\3ER3.png,0
C:\Users\Timothy\Project\Captcha\training/Burnt-1\3EWV.png,0
C:\Users\Timothy\Project\Captcha\training/Burnt-1\3EWX.png,0
C:\Users\Timothy\Project\Captcha\training/Burnt-1\3H8N.png,0
C:\Users\Timothy\Project\Captcha\training/Burnt-1\3HB4.png,0
C:\Users\Timothy\Project\Captcha\training/Burnt-1\3HJY.png,0
C:\Users\Timothy\Project\Captcha\training/Burnt-1\3HSE.png,0
C:\Users\Timothy\Project\Captcha\training/Burnt-1\3J3Y.png,0
C:\Users\Timothy\Project\Captcha\training/Burnt-1\3J9M.png,0
C:\Users\Timothy\Project\Captcha\training/Burnt-1\3JB5.png,0
C:\Users\Timothy\Project\Captcha\training/Burnt-1\3JES.png,0
C:\Users\Timothy\Project\Captcha\training/Burnt-1\3JNT.png,0
C:\Users\Timothy\Project\Captcha\training/Burnt-1\3JP9.png,0
C:\Users\Timothy\Project\Captcha\training/Burnt-1\3JUM.png,0
C:\Users\Timothy\Project\Captcha\training/Burnt-1\3JWB.png,0
C:\Users\Timothy\Project\Captcha\training/Burnt-1\3JXM.png,0
C:\Users\Timothy\Project\Captcha\training/Burnt-1\3JYY.png,0
C:\Users\Timothy\Project\Captcha\training/Burnt-1\3K8U.png,0
C:\Users\Timothy\Project\Captcha\training/Burnt-1\3KEM.png,0
C:\Users\Timothy\Project\Captcha\training/Burnt-1\3KHB.png,0
C:\Users\Timothy\Project\Captcha\training/Burnt-1\3KJP.png,0
C:\Users\Timothy\Project\Captcha\training/Burnt-1\3KJY.png,0
C:\Users\Timothy\Project\Captcha\training/Burnt-1\3KNU.png,0
C:\Users\Timothy\Project\Captcha\training/Burnt-1\3KP8.png,0
C:\Users\Timothy\Project\Captcha\training/Burnt-1\3KRS.png,0
C:\Users\Timothy\Project\Captcha\training/Burnt-1\3KVR.png,0
C:\Users\Timothy\Project\Captcha\training/Burnt-1\3KXT.png,0
C:\Users\Timothy\Project\Captcha\training/Burnt-1\3KY5.png,0
C:\Users\Timothy\Project\Captcha\training/Burnt-1\3M4Y.png,0
C:\Users\Timothy\Project\Captcha\training/Burnt-1\3M5B.png,0
C:\Users\Timothy\Project\Captcha\training/Burnt-1\3MA3.png,0
C:\Users\Timothy\Project\Captcha\training/Burnt-1\3MCS.png,0
C:\Users\Timothy\Project\Captcha\training/Burnt-1\3MNR.png,0
C:\Users\Timothy\Project\Captcha\training/Burnt-1\3MRW.png,0
C:\Users\Timothy\Project\Captcha\training/Burnt-1\3MSH.png,0
C:\Users\Timothy\Project\Captcha\training/Burnt-1\3MT3.png,0
C:\Users\Timothy\Project\Captcha\training/Burnt-1\3MU6.png,0
C:\Users\Timothy\Project\Captcha\training/Burnt-1\3MUJ.png,0
C:\Users\Timothy\Project\Captcha\training/Burnt-1\3MUR.png,0
C:\Users\Timothy\Project\Captcha\training/Burnt-1\3MVR.png,0
C:\Users\Timothy\Project\Captcha\training/Burnt-1\3MWW.png,0
C:\Users\Timothy\Project\Captcha\training/Burnt-1\3N34.png,0
C:\Users\Timothy\Project\Captcha\training/Burnt-1\3NMD.png,0
C:\Users\Timothy\Project\Captcha\training/Burnt-1\3NNV.png,0
C:\Users\Timothy\Project\Captcha\training/Burnt-1\3NS9.png,0
C:\Users\Timothy\Project\Captcha\training/Burnt-1\3NSX.png,0
C:\Users\Timothy\Project\Captcha\training/Burnt-1\3NTM.png,0
C:\Users\Timothy\Project\Captcha\training/Burnt-1\3NWW.png,0
C:\Users\Timothy\Project\Captcha\training/Burnt-1\3NXB.png,0
C:\Users\Timothy\Project\Captcha\training/Burnt-1\3P8X.png,0
C:\Users\Timothy\Project\Captcha\training/Burnt-1\3PAA.png,0
C:\Users\Timothy\Project\Captcha\training/Burnt-1\3PC8.png,0
C:\Users\Timothy\Project\Captcha\training/Burnt-1\3PCY.png,0
C:\Users\Timothy\Project\Captcha\training/Burnt-1\3PJC.png,0
C:\Users\Timothy\Project\Captcha\training/Burnt-1\3PPN.png,0
C:\Users\Timothy\Project\Captcha\training/Burnt-1\3PRT.png,0
C:\Users\Timothy\Project\Captcha\training/Burnt-1\3PSK.png,0
C:\Users\Timothy\Project\Captcha\training/Burnt-1\3PVA.png,0
C:\Users\Timothy\Project\Captcha\training/Burnt-1\3PVS.png,0
C:\Users\Timothy\Project\Captcha\training/Burnt-1\3R5J.png,0
C:\Users\Timothy\Project\Captcha\training/Burnt-1\3RD3.png,0
C:\Users\Timothy\Project\Captcha\training/Burnt-1\3RDN.png,0
C:\Users\Timothy\Project\Captcha\training/Burnt-1\3RJM.png,0
C:\Users\Timothy\Project\Captcha\training/Burnt-1\3RMD.png,0
C:\Users\Timothy\Project\Captcha\training/Burnt-1\3RNW.png,0
C:\Users\Timothy\Project\Captcha\training/Burnt-1\3RSC.png,0
C:\Users\Timothy\Project\Captcha\training/Burnt-1\3RSW.png,0
C:\Users\Timothy\Project\Captcha\training/Burnt-1\3S4P.png,0
C:\Users\Timothy\Project\Captcha\training/Burnt-1\3S5S.png,0
C:\Users\Timothy\Project\Captcha\training/Burnt-1\3S6T.png,0
C:\Users\Timothy\Project\Captcha\training/Burnt-1\3SB6.png,0
C:\Users\Timothy\Project\Captcha\training/Burnt-1\3SDW.png,0
C:\Users\Timothy\Project\Captcha\training/Burnt-1\3SKD.png,0
C:\Users\Timothy\Project\Captcha\training/Burnt-1\3SM5.png,0
C:\Users\Timothy\Project\Captcha\training/Burnt-1\3SVH.png,0
C:\Users\Timothy\Project\Captcha\training/Burnt-1\3T5K.png,0
C:\Users\Timothy\Project\Captcha\training/Burnt-1\3TCM.png,0
C:\Users\Timothy\Project\Captcha\training/Burnt-1\3TCW.png,0
C:\Users\Timothy\Project\Captcha\training/Burnt-1\3THB.png,0
C:\Users\Timothy\Project\Captcha\training/Burnt-1\3THX.png,0
C:\Users\Timothy\Project\Captcha\training/Burnt-1\3TMB.png,0
C:\Users\Timothy\Project\Captcha\training/Burnt-1\3TRC.png,0
C:\Users\Timothy\Project\Captcha\training/Burnt-1\3TT6.png,0
C:\Users\Timothy\Project\Captcha\training/Burnt-1\3TY8.png,0
C:\Users\Timothy\Project\Captcha\training/Burnt-1\3TYD.png,0
C:\Users\Timothy\Project\Captcha\training/Burnt-1\3UDW.png,0
C:\Users\Timothy\Project\Captcha\training/Burnt-1\3UJJ.png,0
C:\Users\Timothy\Project\Captcha\training/Burnt-1\3UM5.png,0
C:\Users\Timothy\Project\Captcha\training/Burnt-1\3UPT.png,0
C:\Users\Timothy\Project\Captcha\training/Burnt-1\3UR3.png,0
C:\Users\Timothy\Project\Captcha\training/Burnt-1\3URE.png,0
C:\Users\Timothy\Project\Captcha\training/Burnt-1\3USP.png,0
C:\Users\Timothy\Project\Captcha\training/Burnt-1\3USS.png,0
C:\Users\Timothy\Project\Captcha\training/Burnt-1\3UXE.png,0
C:\Users\Timothy\Project\Captcha\training/Burnt-1\3V53.png,0
C:\Users\Timothy\Project\Captcha\training/Burnt-1\3V63.png,0
C:\Users\Timothy\Project\Captcha\training/Burnt-1\3V6T.png,0
C:\Users\Timothy\Project\Captcha\training/Burnt-1\3V8U.png,0
C:\Users\Timothy\Project\Captcha\training/Burnt-1\3V9K.png,0
C:\Users\Timothy\Project\Captcha\training/Burnt-1\3VBU.png,0
C:\Users\Timothy\Project\Captcha\training/Burnt-1\3VC8.png,0
C:\Users\Timothy\Project\Captcha\training/Burnt-1\3VCU.png,0
C:\Users\Timothy\Project\Captcha\training/Burnt-1\3VHM.png,0
C:\Users\Timothy\Project\Captcha\training/Burnt-1\3VJS.png,0
C:\Users\Timothy\Project\Captcha\training/Burnt-1\3VR3.png,0
C:\Users\Timothy\Project\Captcha\training/Burnt-1\3VRD.png,0
C:\Users\Timothy\Project\Captcha\training/Burnt-1\3VSY.png,0
C:\Users\Timothy\Project\Captcha\training/Burnt-1\3VWU.png,0
C:\Users\Timothy\Project\Captcha\training/Burnt-1\3VYK.png,0
C:\Users\Timothy\Project\Captcha\training/Burnt-1\3VYT.png,0
C:\Users\Timothy\Project\Captcha\training/Burnt-1\3W6D.png,0
C:\Users\Timothy\Project\Captcha\training/Burnt-1\3W8Y.png,0
C:\Users\Timothy\Project\Captcha\training/Burnt-1\3WDA.png,0
C:\Users\Timothy\Project\Captcha\training/Burnt-1\3WJ6.png,0
C:\Users\Timothy\Project\Captcha\training/Burnt-1\3WSA.png,0
C:\Users\Timothy\Project\Captcha\training/Burnt-1\3WV9.png,0
C:\Users\Timothy\Project\Captcha\training/Burnt-1\3WVK.png,0
C:\Users\Timothy\Project\Captcha\training/Burnt-1\3WWX.png,0
C:\Users\Timothy\Project\Captcha\training/Burnt-1\3WXC.png,0
C:\Users\Timothy\Project\Captcha\training/Burnt-1\3WY9.png,0
C:\Users\Timothy\Project\Captcha\training/Burnt-1\3X3D.png,0
C:\Users\Timothy\Project\Captcha\training/Burnt-1\3X9X.png,0
C:\Users\Timothy\Project\Captcha\training/Burnt-1\3XCP.png,0
C:\Users\Timothy\Project\Captcha\training/Burnt-1\3XDC.png,0
C:\Users\Timothy\Project\Captcha\training/Burnt-1\3XHX.png,0
C:\Users\Timothy\Project\Captcha\training/Burnt-1\3XJD.png,0
C:\Users\Timothy\Project\Captcha\training/Burnt-1\3XJJ.png,0
C:\Users\Timothy\Project\Captcha\training/Burnt-1\3XKD.png,0
C:\Users\Timothy\Project\Captcha\training/Burnt-1\3XTC.png,0
C:\Users\Timothy\Project\Captcha\training/Burnt-1\3XX3.png,0
C:\Users\Timothy\Project\Captcha\training/Burnt-1\3Y4R.png,0
C:\Users\Timothy\Project\Captcha\training/Burnt-1\3Y5S.png,0
C:\Users\Timothy\Project\Captcha\training/Burnt-1\3YAB.png,0
C:\Users\Timothy\Project\Captcha\training/Burnt-1\3YKU.png,0
C:\Users\Timothy\Project\Captcha\training/Burnt-1\3YMD.png,0
C:\Users\Timothy\Project\Captcha\training/Burnt-1\3YPK.png,0
C:\Users\Timothy\Project\Captcha\training/Burnt-1\3YUS.png,0
C:\Users\Timothy\Project\Captcha\training/Burnt-1\4348.png,0
C:\Users\Timothy\Project\Captcha\training/Burnt-1\43E3.png,0
C:\Users\Timothy\Project\Captcha\training/Burnt-1\43HY.png,0
C:\Users\Timothy\Project\Captcha\training/Burnt-1\43P9.png,0
C:\Users\Timothy\Project\Captcha\training/Burnt-1\43PM.png,0
C:\Users\Timothy\Project\Captcha\training/Burnt-1\43UK.png,0
C:\Users\Timothy\Project\Captcha\training/Burnt-1\43XD.png,0
C:\Users\Timothy\Project\Captcha\training/Burnt-1\444B.png,0
C:\Users\Timothy\Project\Captcha\training/Burnt-1\445N.png,0
C:\Users\Timothy\Project\Captcha\training/Burnt-1\446S.png,0
C:\Users\Timothy\Project\Captcha\training/Burnt-1\448S.png,0
C:\Users\Timothy\Project\Captcha\training/Burnt-1\44CX.png,0
C:\Users\Timothy\Project\Captcha\training/Burnt-1\44JM.png,0
C:\Users\Timothy\Project\Captcha\training/Burnt-1\44JW.png,0
C:\Users\Timothy\Project\Captcha\training/Burnt-1\4539.png,0
C:\Users\Timothy\Project\Captcha\training/Burnt-1\454U.png,0
C:\Users\Timothy\Project\Captcha\training/Burnt-1\45AY.png,0
C:\Users\Timothy\Project\Captcha\training/Burnt-1\45DW.png,0
C:\Users\Timothy\Project\Captcha\training/Burnt-1\45NK.png,0
C:\Users\Timothy\Project\Captcha\training/Burnt-1\45VK.png,0
C:\Users\Timothy\Project\Captcha\training/Burnt-1\45VM.png,0
C:\Users\Timothy\Project\Captcha\training/Burnt-1\463S.png,0
C:\Users\Timothy\Project\Captcha\training/Burnt-1\4654.png,0
C:\Users\Timothy\Project\Captcha\training/Burnt-1\4664.png,0
C:\Users\Timothy\Project\Captcha\training/Burnt-1\469V.png,0
C:\Users\Timothy\Project\Captcha\training/Burnt-1\46D9.png,0
C:\Users\Timothy\Project\Captcha\training/Burnt-1\46NW.png,0
C:\Users\Timothy\Project\Captcha\training/Burnt-1\46RP.png,0
C:\Users\Timothy\Project\Captcha\training/Burnt-1\46RW.png,0
C:\Users\Timothy\Project\Captcha\training/Burnt-1\46UX.png,0
C:\Users\Timothy\Project\Captcha\training/Burnt-1\46UY.png,0
C:\Users\Timothy\Project\Captcha\training/Burnt-1\46X8.png,0
C:\Users\Timothy\Project\Captcha\training/Burnt-1\46XD.png,0
C:\Users\Timothy\Project\Captcha\training/Burnt-1\486N.png,0
C:\Users\Timothy\Project\Captcha\training/Burnt-1\48BK.png,0
C:\Users\Timothy\Project\Captcha\training/Burnt-1\48CM.png,0
C:\Users\Timothy\Project\Captcha\training/Burnt-1\48CV.png,0
C:\Users\Timothy\Project\Captcha\training/Burnt-1\48DV.png,0
C:\Users\Timothy\Project\Captcha\training/Burnt-1\48HP.png,0
C:\Users\Timothy\Project\Captcha\training/Burnt-1\48KA.png,0
C:\Users\Timothy\Project\Captcha\training/Burnt-1\48MT.png,0
C:\Users\Timothy\Project\Captcha\training/Burnt-1\48N8.png,0
C:\Users\Timothy\Project\Captcha\training/Burnt-1\48VH.png,0
C:\Users\Timothy\Project\Captcha\training/Burnt-1\48VJ.png,0
C:\Users\Timothy\Project\Captcha\training/Burnt-1\48Y6.png,0
C:\Users\Timothy\Project\Captcha\training/Burnt-1\48YV.png,0
C:\Users\Timothy\Project\Captcha\training/Burnt-1\493D.png,0
C:\Users\Timothy\Project\Captcha\training/Burnt-1\494E.png,0
C:\Users\Timothy\Project\Captcha\training/Burnt-1\495H.png,0
C:\Users\Timothy\Project\Captcha\training/Burnt-1\496W.png,0
C:\Users\Timothy\Project\Captcha\training/Burnt-1\49A9.png,0
C:\Users\Timothy\Project\Captcha\training/Burnt-1\49HB.png,0
C:\Users\Timothy\Project\Captcha\training/Burnt-1\49JN.png,0
C:\Users\Timothy\Project\Captcha\training/Burnt-1\49MN.png,0
C:\Users\Timothy\Project\Captcha\training/Burnt-1\49XA.png,0
C:\Users\Timothy\Project\Captcha\training/Burnt-1\49XB.png,0
C:\Users\Timothy\Project\Captcha\training/Burnt-1\49XT.png,0
C:\Users\Timothy\Project\Captcha\training/Burnt-1\4A9E.png,0
C:\Users\Timothy\Project\Captcha\training/Burnt-1\4ACS.png,0
C:\Users\Timothy\Project\Captcha\training/Burnt-1\4ACU.png,0
C:\Users\Timothy\Project\Captcha\training/Burnt-1\4ACX.png,0
C:\Users\Timothy\Project\Captcha\training/Burnt-1\4AEB.png,0
C:\Users\Timothy\Project\Captcha\training/Burnt-1\4AKA.png,0
C:\Users\Timothy\Project\Captcha\training/Burnt-1\4ANY.png,0
C:\Users\Timothy\Project\Captcha\training/Burnt-1\4AP3.png,0
C:\Users\Timothy\Project\Captcha\training/Burnt-1\4AP4.png,0
C:\Users\Timothy\Project\Captcha\training/Burnt-1\4ATB.png,0
C:\Users\Timothy\Project\Captcha\training/Burnt-1\4AV8.png,0
C:\Users\Timothy\Project\Captcha\training/Burnt-1\4AYS.png,0
C:\Users\Timothy\Project\Captcha\training/Burnt-1\4B69.png,0
C:\Users\Timothy\Project\Captcha\training/Burnt-1\4B8R.png,0
C:\Users\Timothy\Project\Captcha\training/Burnt-1\4B9T.png,0
C:\Users\Timothy\Project\Captcha\training/Burnt-1\4BAM.png,0
C:\Users\Timothy\Project\Captcha\training/Burnt-1\4BCN.png,0
C:\Users\Timothy\Project\Captcha\training/Burnt-1\4BR8.png,0
C:\Users\Timothy\Project\Captcha\training/Burnt-1\4BYV.png,0
C:\Users\Timothy\Project\Captcha\training/Burnt-1\4C5V.png,0
C:\Users\Timothy\Project\Captcha\training/Burnt-1\4C8E.png,0
C:\Users\Timothy\Project\Captcha\training/Burnt-1\4C9R.png,0
C:\Users\Timothy\Project\Captcha\training/Burnt-1\4CBB.png,0
C:\Users\Timothy\Project\Captcha\training/Burnt-1\4CBW.png,0
C:\Users\Timothy\Project\Captcha\training/Burnt-1\4CEA.png,0
C:\Users\Timothy\Project\Captcha\training/Burnt-1\4CR6.png,0
C:\Users\Timothy\Project\Captcha\training/Burnt-1\4CRK.png,0
C:\Users\Timothy\Project\Captcha\training/Burnt-1\4CWU.png,0
C:\Users\Timothy\Project\Captcha\training/Burnt-1\4CXD.png,0
C:\Users\Timothy\Project\Captcha\training/Burnt-1\4D6P.png,0
C:\Users\Timothy\Project\Captcha\training/Burnt-1\4DBJ.png,0
C:\Users\Timothy\Project\Captcha\training/Burnt-1\4DMR.png,0
C:\Users\Timothy\Project\Captcha\training/Burnt-1\4DTV.png,0
C:\Users\Timothy\Project\Captcha\training/Burnt-1\4DWH.png,0
C:\Users\Timothy\Project\Captcha\training/Burnt-1\4E3C.png,0
C:\Users\Timothy\Project\Captcha\training/Burnt-1\4EBE.png,0
C:\Users\Timothy\Project\Captcha\training/Burnt-1\4ECB.png,0
C:\Users\Timothy\Project\Captcha\training/Burnt-1\4EDE.png,0
C:\Users\Timothy\Project\Captcha\training/Burnt-1\4EU9.png,0
C:\Users\Timothy\Project\Captcha\training/Burnt-1\4EW4.png,0
C:\Users\Timothy\Project\Captcha\training/Burnt-1\4EWK.png,0
C:\Users\Timothy\Project\Captcha\training/Burnt-1\4H36.png,0
C:\Users\Timothy\Project\Captcha\training/Burnt-1\4H4M.png,0
C:\Users\Timothy\Project\Captcha\training/Burnt-1\4H5S.png,0
C:\Users\Timothy\Project\Captcha\training/Burnt-1\4HBC.png,0
C:\Users\Timothy\Project\Captcha\training/Burnt-1\4HEC.png,0
C:\Users\Timothy\Project\Captcha\training/Burnt-1\4HHP.png,0
C:\Users\Timothy\Project\Captcha\training/Burnt-1\4HNB.png,0
C:\Users\Timothy\Project\Captcha\training/Burnt-1\4HWT.png,0
C:\Users\Timothy\Project\Captcha\training/Burnt-1\4J4E.png,0
C:\Users\Timothy\Project\Captcha\training/Burnt-1\4J69.png,0
C:\Users\Timothy\Project\Captcha\training/Burnt-1\4J8H.png,0
C:\Users\Timothy\Project\Captcha\training/Burnt-1\4JPY.png,0
C:\Users\Timothy\Project\Captcha\training/Burnt-1\4JRE.png,0
C:\Users\Timothy\Project\Captcha\training/Burnt-1\4JSN.png,0
C:\Users\Timothy\Project\Captcha\training/Burnt-1\4JUS.png,0
C:\Users\Timothy\Project\Captcha\training/Burnt-1\4JYE.png,0
C:\Users\Timothy\Project\Captcha\training/Burnt-1\4K3P.png,0
C:\Users\Timothy\Project\Captcha\training/Burnt-1\4K99.png,0
C:\Users\Timothy\Project\Captcha\training/Burnt-1\4KD6.png,0
C:\Users\Timothy\Project\Captcha\training/Burnt-1\4KDE.png,0
C:\Users\Timothy\Project\Captcha\training/Burnt-1\4KJ6.png,0
C:\Users\Timothy\Project\Captcha\training/Burnt-1\4KKU.png,0
C:\Users\Timothy\Project\Captcha\training/Burnt-1\4KRU.png,0
C:\Users\Timothy\Project\Captcha\training/Burnt-1\4KV4.png,0
C:\Users\Timothy\Project\Captcha\training/Burnt-1\4KVB.png,0
C:\Users\Timothy\Project\Captcha\training/Burnt-1\4M85.png,0
C:\Users\Timothy\Project\Captcha\training/Burnt-1\4MM8.png,0
C:\Users\Timothy\Project\Captcha\training/Burnt-1\4MPP.png,0
C:\Users\Timothy\Project\Captcha\training/Burnt-1\4N4U.png,0
C:\Users\Timothy\Project\Captcha\training/Burnt-1\4N6J.png,0
C:\Users\Timothy\Project\Captcha\training/Burnt-1\4NB4.png,0
C:\Users\Timothy\Project\Captcha\training/Burnt-1\4NBX.png,0
C:\Users\Timothy\Project\Captcha\training/Burnt-1\4NBY.png,0
C:\Users\Timothy\Project\Captcha\training/Burnt-1\4NJW.png,0
C:\Users\Timothy\Project\Captcha\training/Burnt-1\4NN3.png,0
C:\Users\Timothy\Project\Captcha\training/Burnt-1\4NNN.png,0
C:\Users\Timothy\Project\Captcha\training/Burnt-1\4NNS.png,0
C:\Users\Timothy\Project\Captcha\training/Burnt-1\4NNY.png,0
C:\Users\Timothy\Project\Captcha\training/Burnt-1\4NP3.png,0
C:\Users\Timothy\Project\Captcha\training/Burnt-1\4NUC.png,0
C:\Users\Timothy\Project\Captcha\training/Burnt-1\4NXJ.png,0
C:\Users\Timothy\Project\Captcha\training/Burnt-1\4NXP.png,0
C:\Users\Timothy\Project\Captcha\training/Burnt-1\4NYV.png,0
C:\Users\Timothy\Project\Captcha\training/Burnt-1\4P48.png,0
C:\Users\Timothy\Project\Captcha\training/Burnt-1\4P4M.png,0
C:\Users\Timothy\Project\Captcha\training/Burnt-1\4PHP.png,0
C:\Users\Timothy\Project\Captcha\training/Burnt-1\4PP6.png,0
C:\Users\Timothy\Project\Captcha\training/Burnt-1\4PXB.png,0
C:\Users\Timothy\Project\Captcha\training/Burnt-1\4R89.png,0
C:\Users\Timothy\Project\Captcha\training/Burnt-1\4R8R.png,0
C:\Users\Timothy\Project\Captcha\training/Burnt-1\4RA9.png,0
C:\Users\Timothy\Project\Captcha\training/Burnt-1\4RCV.png,0
C:\Users\Timothy\Project\Captcha\training/Burnt-1\4RHK.png,0
C:\Users\Timothy\Project\Captcha\training/Burnt-1\4RKK.png,0
C:\Users\Timothy\Project\Captcha\training/Burnt-1\4RP4.png,0
C:\Users\Timothy\Project\Captcha\training/Burnt-1\4RRC.png,0
C:\Users\Timothy\Project\Captcha\training/Burnt-1\4RSU.png,0
C:\Users\Timothy\Project\Captcha\training/Burnt-1\4RUT.png,0
C:\Users\Timothy\Project\Captcha\training/Burnt-1\4RYA.png,0
C:\Users\Timothy\Project\Captcha\training/Burnt-1\4S6W.png,0
C:\Users\Timothy\Project\Captcha\training/Burnt-1\4S8E.png,0
C:\Users\Timothy\Project\Captcha\training/Burnt-1\4SBV.png,0
C:\Users\Timothy\Project\Captcha\training/Burnt-1\4SCH.png,0
C:\Users\Timothy\Project\Captcha\training/Burnt-1\4SDM.png,0
C:\Users\Timothy\Project\Captcha\training/Burnt-1\4SJ6.png,0
C:\Users\Timothy\Project\Captcha\training/Burnt-1\4SKU.png,0
C:\Users\Timothy\Project\Captcha\training/Burnt-1\4SMS.png,0
C:\Users\Timothy\Project\Captcha\training/Burnt-1\4SMW.png,0
C:\Users\Timothy\Project\Captcha\training/Burnt-1\4SPB.png,0
C:\Users\Timothy\Project\Captcha\training/Burnt-1\4SRD.png,0
C:\Users\Timothy\Project\Captcha\training/Burnt-1\4SSU.png,0
C:\Users\Timothy\Project\Captcha\training/Burnt-1\4STU.png,0
C:\Users\Timothy\Project\Captcha\training/Burnt-1\4SUM.png,0
C:\Users\Timothy\Project\Captcha\training/Burnt-1\4SWT.png,0
C:\Users\Timothy\Project\Captcha\training/Burnt-1\4SYR.png,0
C:\Users\Timothy\Project\Captcha\training/Burnt-1\4SYS.png,0
C:\Users\Timothy\Project\Captcha\training/Burnt-1\4T3P.png,0
C:\Users\Timothy\Project\Captcha\training/Burnt-1\4T8H.png,0
C:\Users\Timothy\Project\Captcha\training/Burnt-1\4TKP.png,0
C:\Users\Timothy\Project\Captcha\training/Burnt-1\4TSK.png,0
C:\Users\Timothy\Project\Captcha\training/Burnt-1\4TUY.png,0
C:\Users\Timothy\Project\Captcha\training/Burnt-1\4TYB.png,0
C:\Users\Timothy\Project\Captcha\training/Burnt-1\4UA8.png,0
C:\Users\Timothy\Project\Captcha\training/Burnt-1\4UD6.png,0
C:\Users\Timothy\Project\Captcha\training/Burnt-1\4UDC.png,0
C:\Users\Timothy\Project\Captcha\training/Burnt-1\4UDH.png,0
C:\Users\Timothy\Project\Captcha\training/Burnt-1\4UET.png,0
C:\Users\Timothy\Project\Captcha\training/Burnt-1\4UHH.png,0
C:\Users\Timothy\Project\Captcha\training/Burnt-1\4US3.png,0
C:\Users\Timothy\Project\Captcha\training/Burnt-1\4UVM.png,0
C:\Users\Timothy\Project\Captcha\training/Burnt-1\4V44.png,0
C:\Users\Timothy\Project\Captcha\training/Burnt-1\4V5M.png,0
C:\Users\Timothy\Project\Captcha\training/Burnt-1\4VCN.png,0
C:\Users\Timothy\Project\Captcha\training/Burnt-1\4VHS.png,0
C:\Users\Timothy\Project\Captcha\training/Burnt-1\4VJN.png,0
C:\Users\Timothy\Project\Captcha\training/Burnt-1\4VRC.png,0
C:\Users\Timothy\Project\Captcha\training/Burnt-1\4VUS.png,0
C:\Users\Timothy\Project\Captcha\training/Burnt-1\4VY8.png,0
C:\Users\Timothy\Project\Captcha\training/Burnt-1\4W46.png,0
C:\Users\Timothy\Project\Captcha\training/Burnt-1\4WDY.png,0
C:\Users\Timothy\Project\Captcha\training/Burnt-1\4WHD.png,0
C:\Users\Timothy\Project\Captcha\training/Burnt-1\4WPD.png,0
C:\Users\Timothy\Project\Captcha\training/Burnt-1\4WPR.png,0
C:\Users\Timothy\Project\Captcha\training/Burnt-1\4WVB.png,0
C:\Users\Timothy\Project\Captcha\training/Burnt-1\4WWY.png,0
C:\Users\Timothy\Project\Captcha\training/Burnt-1\4WXH.png,0
C:\Users\Timothy\Project\Captcha\training/Burnt-1\4X55.png,0
C:\Users\Timothy\Project\Captcha\training/Burnt-1\4X66.png,0
C:\Users\Timothy\Project\Captcha\training/Burnt-1\4XAU.png,0
C:\Users\Timothy\Project\Captcha\training/Burnt-1\4XD4.png,0
C:\Users\Timothy\Project\Captcha\training/Burnt-1\4XKM.png,0
C:\Users\Timothy\Project\Captcha\training/Burnt-1\4XST.png,0
C:\Users\Timothy\Project\Captcha\training/Burnt-1\4XSU.png,0
C:\Users\Timothy\Project\Captcha\training/Burnt-1\4XTW.png,0
C:\Users\Timothy\Project\Captcha\training/Burnt-1\4XU9.png,0
C:\Users\Timothy\Project\Captcha\training/Burnt-1\4XWJ.png,0
C:\Users\Timothy\Project\Captcha\training/Burnt-1\4Y6R.png,0
C:\Users\Timothy\Project\Captcha\training/Burnt-1\4Y6S.png,0
C:\Users\Timothy\Project\Captcha\training/Burnt-1\4Y6W.png,0
C:\Users\Timothy\Project\Captcha\training/Burnt-1\4Y8A.png,0
C:\Users\Timothy\Project\Captcha\training/Burnt-1\4YC6.png,0
C:\Users\Timothy\Project\Captcha\training/Burnt-1\4YDH.png,0
C:\Users\Timothy\Project\Captcha\training/Burnt-1\4YJR.png,0
C:\Users\Timothy\Project\Captcha\training/Burnt-1\4YK5.png,0
C:\Users\Timothy\Project\Captcha\training/Burnt-1\4YM4.png,0
C:\Users\Timothy\Project\Captcha\training/Burnt-1\4YNK.png,0
C:\Users\Timothy\Project\Captcha\training/Burnt-1\4YUM.png,0
C:\Users\Timothy\Project\Captcha\training/Burnt-1\4YVS.png,0
C:\Users\Timothy\Project\Captcha\training/Burnt-1\4YY6.png,0
C:\Users\Timothy\Project\Captcha\training/Burnt-1\538D.png,0
C:\Users\Timothy\Project\Captcha\training/Burnt-1\53M6.png,0
C:\Users\Timothy\Project\Captcha\training/Burnt-1\53MT.png,0
C:\Users\Timothy\Project\Captcha\training/Burnt-1\53MV.png,0
C:\Users\Timothy\Project\Captcha\training/Burnt-1\53N4.png,0
C:\Users\Timothy\Project\Captcha\training/Burnt-1\53RM.png,0
C:\Users\Timothy\Project\Captcha\training/Burnt-1\53U6.png,0
C:\Users\Timothy\Project\Captcha\training/Burnt-1\53WH.png,0
C:\Users\Timothy\Project\Captcha\training/Burnt-1\54DE.png,0
C:\Users\Timothy\Project\Captcha\training/Burnt-1\54JN.png,0
C:\Users\Timothy\Project\Captcha\training/Burnt-1\54K8.png,0
C:\Users\Timothy\Project\Captcha\training/Burnt-1\54TD.png,0
C:\Users\Timothy\Project\Captcha\training/Burnt-1\54UW.png,0
C:\Users\Timothy\Project\Captcha\training/Burnt-1\54XR.png,0
C:\Users\Timothy\Project\Captcha\training/Burnt-1\54XW.png,0
C:\Users\Timothy\Project\Captcha\training/Burnt-1\5566.png,0
C:\Users\Timothy\Project\Captcha\training/Burnt-1\55CV.png,0
C:\Users\Timothy\Project\Captcha\training/Burnt-1\55HS.png,0
C:\Users\Timothy\Project\Captcha\training/Burnt-1\55J9.png,0
C:\Users\Timothy\Project\Captcha\training/Burnt-1\55P5.png,0
C:\Users\Timothy\Project\Captcha\training/Burnt-1\55RN.png,0
C:\Users\Timothy\Project\Captcha\training/Burnt-1\55SX.png,0
C:\Users\Timothy\Project\Captcha\training/Burnt-1\55UD.png,0
C:\Users\Timothy\Project\Captcha\training/Burnt-1\564Y.png,0
C:\Users\Timothy\Project\Captcha\training/Burnt-1\565E.png,0
C:\Users\Timothy\Project\Captcha\training/Burnt-1\566C.png,0
C:\Users\Timothy\Project\Captcha\training/Burnt-1\56B4.png,0
C:\Users\Timothy\Project\Captcha\training/Burnt-1\56E5.png,0
C:\Users\Timothy\Project\Captcha\training/Burnt-1\56EW.png,0
C:\Users\Timothy\Project\Captcha\training/Burnt-1\56MN.png,0
C:\Users\Timothy\Project\Captcha\training/Burnt-1\56SW.png,0
C:\Users\Timothy\Project\Captcha\training/Burnt-1\56T8.png,0
C:\Users\Timothy\Project\Captcha\training/Burnt-1\56T9.png,0
C:\Users\Timothy\Project\Captcha\training/Burnt-1\56UV.png,0
C:\Users\Timothy\Project\Captcha\training/Burnt-1\56UY.png,0
C:\Users\Timothy\Project\Captcha\training/Burnt-1\56Y5.png,0
C:\Users\Timothy\Project\Captcha\training/Burnt-1\56YV.png,0
C:\Users\Timothy\Project\Captcha\training/Burnt-1\5846.png,0
C:\Users\Timothy\Project\Captcha\training/Burnt-1\585D.png,0
C:\Users\Timothy\Project\Captcha\training/Burnt-1\58EH.png,0
C:\Users\Timothy\Project\Captcha\training/Burnt-1\58JV.png,0
C:\Users\Timothy\Project\Captcha\training/Burnt-1\58MY.png,0
C:\Users\Timothy\Project\Captcha\training/Burnt-1\58S9.png,0
C:\Users\Timothy\Project\Captcha\training/Burnt-1\595H.png,0
C:\Users\Timothy\Project\Captcha\training/Burnt-1\596W.png,0
C:\Users\Timothy\Project\Captcha\training/Burnt-1\59DK.png,0
C:\Users\Timothy\Project\Captcha\training/Burnt-1\59HV.png,0
C:\Users\Timothy\Project\Captcha\training/Burnt-1\59M6.png,0
C:\Users\Timothy\Project\Captcha\training/Burnt-1\5ABS.png,0
C:\Users\Timothy\Project\Captcha\training/Burnt-1\5AMA.png,0
C:\Users\Timothy\Project\Captcha\training/Burnt-1\5ASS.png,0
C:\Users\Timothy\Project\Captcha\training/Burnt-1\5AT5.png,0
C:\Users\Timothy\Project\Captcha\training/Burnt-1\5AY9.png,0
C:\Users\Timothy\Project\Captcha\training/Burnt-1\5B8B.png,0
C:\Users\Timothy\Project\Captcha\training/Burnt-1\5B94.png,0
C:\Users\Timothy\Project\Captcha\training/Burnt-1\5BAB.png,0
C:\Users\Timothy\Project\Captcha\training/Burnt-1\5BC5.png,0
C:\Users\Timothy\Project\Captcha\training/Burnt-1\5BPM.png,0
C:\Users\Timothy\Project\Captcha\training/Burnt-1\5BWC.png,0
C:\Users\Timothy\Project\Captcha\training/Burnt-1\5BXC.png,0
C:\Users\Timothy\Project\Captcha\training/Burnt-1\5BYS.png,0
C:\Users\Timothy\Project\Captcha\training/Burnt-1\5C55.png,0
C:\Users\Timothy\Project\Captcha\training/Burnt-1\5CCH.png,0
C:\Users\Timothy\Project\Captcha\training/Burnt-1\5CDM.png,0
C:\Users\Timothy\Project\Captcha\training/Burnt-1\5CE6.png,0
C:\Users\Timothy\Project\Captcha\training/Burnt-1\5CHH.png,0
C:\Users\Timothy\Project\Captcha\training/Burnt-1\5CKY.png,0
C:\Users\Timothy\Project\Captcha\training/Burnt-1\5CTT.png,0
C:\Users\Timothy\Project\Captcha\training/Burnt-1\5D5K.png,0
C:\Users\Timothy\Project\Captcha\training/Burnt-1\5DCN.png,0
C:\Users\Timothy\Project\Captcha\training/Burnt-1\5DSJ.png,0
C:\Users\Timothy\Project\Captcha\training/Burnt-1\5DYC.png,0
C:\Users\Timothy\Project\Captcha\training/Burnt-1\5E39.png,0
C:\Users\Timothy\Project\Captcha\training/Burnt-1\5E9E.png,0
C:\Users\Timothy\Project\Captcha\training/Burnt-1\5EEB.png,0
C:\Users\Timothy\Project\Captcha\training/Burnt-1\5EKD.png,0
C:\Users\Timothy\Project\Captcha\training/Burnt-1\5EMV.png,0
C:\Users\Timothy\Project\Captcha\training/Burnt-1\5EUK.png,0
C:\Users\Timothy\Project\Captcha\training/Burnt-1\5EW6.png,0
C:\Users\Timothy\Project\Captcha\training/Burnt-1\5EX5.png,0
C:\Users\Timothy\Project\Captcha\training/Burnt-1\5EXW.png,0
C:\Users\Timothy\Project\Captcha\training/Burnt-1\5EYP.png,0
C:\Users\Timothy\Project\Captcha\training/Burnt-1\5H3T.png,0
C:\Users\Timothy\Project\Captcha\training/Burnt-1\5H9H.png,0
C:\Users\Timothy\Project\Captcha\training/Burnt-1\5HB6.png,0
C:\Users\Timothy\Project\Captcha\training/Burnt-1\5HBN.png,0
C:\Users\Timothy\Project\Captcha\training/Burnt-1\5HR3.png,0
C:\Users\Timothy\Project\Captcha\training/Burnt-1\5HU6.png,0
C:\Users\Timothy\Project\Captcha\training/Burnt-1\5HUU.png,0
C:\Users\Timothy\Project\Captcha\training/Burnt-1\5J4K.png,0
C:\Users\Timothy\Project\Captcha\training/Burnt-1\5J5R.png,0
C:\Users\Timothy\Project\Captcha\training/Burnt-1\5J8T.png,0
C:\Users\Timothy\Project\Captcha\training/Burnt-1\5JAA.png,0
C:\Users\Timothy\Project\Captcha\training/Burnt-1\5JEB.png,0
C:\Users\Timothy\Project\Captcha\training/Burnt-1\5JNR.png,0
C:\Users\Timothy\Project\Captcha\training/Burnt-1\5JRC.png,0
C:\Users\Timothy\Project\Captcha\training/Burnt-1\5JS8.png,0
C:\Users\Timothy\Project\Captcha\training/Burnt-1\5JSX.png,0
C:\Users\Timothy\Project\Captcha\training/Burnt-1\5JUB.png,0
C:\Users\Timothy\Project\Captcha\training/Burnt-1\5JV9.png,0
C:\Users\Timothy\Project\Captcha\training/Burnt-1\5JX4.png,0
C:\Users\Timothy\Project\Captcha\training/Burnt-1\5JXA.png,0
C:\Users\Timothy\Project\Captcha\training/Burnt-1\5K6V.png,0
C:\Users\Timothy\Project\Captcha\training/Burnt-1\5KAH.png,0
C:\Users\Timothy\Project\Captcha\training/Burnt-1\5KJA.png,0
C:\Users\Timothy\Project\Captcha\training/Burnt-1\5KJW.png,0
C:\Users\Timothy\Project\Captcha\training/Burnt-1\5KK3.png,0
C:\Users\Timothy\Project\Captcha\training/Burnt-1\5KPH.png,0
C:\Users\Timothy\Project\Captcha\training/Burnt-1\5KRP.png,0
C:\Users\Timothy\Project\Captcha\training/Burnt-1\5KWD.png,0
C:\Users\Timothy\Project\Captcha\training/Burnt-1\5KX3.png,0
C:\Users\Timothy\Project\Captcha\training/Burnt-1\5M49.png,0
C:\Users\Timothy\Project\Captcha\training/Burnt-1\5MEM.png,0
C:\Users\Timothy\Project\Captcha\training/Burnt-1\5MJE.png,0
C:\Users\Timothy\Project\Captcha\training/Burnt-1\5MK8.png,0
C:\Users\Timothy\Project\Captcha\training/Burnt-1\5MNV.png,0
C:\Users\Timothy\Project\Captcha\training/Burnt-1\5MWC.png,0
C:\Users\Timothy\Project\Captcha\training/Burnt-1\5MXU.png,0
C:\Users\Timothy\Project\Captcha\training/Burnt-1\5N39.png,0
C:\Users\Timothy\Project\Captcha\training/Burnt-1\5N3C.png,0
C:\Users\Timothy\Project\Captcha\training/Burnt-1\5N63.png,0
C:\Users\Timothy\Project\Captcha\training/Burnt-1\5NCH.png,0
C:\Users\Timothy\Project\Captcha\training/Burnt-1\5NDU.png,0
C:\Users\Timothy\Project\Captcha\training/Burnt-1\5NHP.png,0
C:\Users\Timothy\Project\Captcha\training/Burnt-1\5NKJ.png,0
C:\Users\Timothy\Project\Captcha\training/Burnt-1\5NNP.png,0
C:\Users\Timothy\Project\Captcha\training/Burnt-1\5NNT.png,0
C:\Users\Timothy\Project\Captcha\training/Burnt-1\5NSJ.png,0
C:\Users\Timothy\Project\Captcha\training/Burnt-1\5NUS.png,0
C:\Users\Timothy\Project\Captcha\training/Burnt-1\5NXP.png,0
C:\Users\Timothy\Project\Captcha\training/Burnt-1\5NXY.png,0
C:\Users\Timothy\Project\Captcha\training/Burnt-1\5P3V.png,0
C:\Users\Timothy\Project\Captcha\training/Burnt-1\5P5J.png,0
C:\Users\Timothy\Project\Captcha\training/Burnt-1\5PAM.png,0
C:\Users\Timothy\Project\Captcha\training/Burnt-1\5PAW.png,0
C:\Users\Timothy\Project\Captcha\training/Burnt-1\5PK3.png,0
C:\Users\Timothy\Project\Captcha\training/Burnt-1\5PMJ.png,0
C:\Users\Timothy\Project\Captcha\training/Burnt-1\5PMW.png,0
C:\Users\Timothy\Project\Captcha\training/Burnt-1\5PPM.png,0
C:\Users\Timothy\Project\Captcha\training/Burnt-1\5PVN.png,0
C:\Users\Timothy\Project\Captcha\training/Burnt-1\5PXX.png,0
C:\Users\Timothy\Project\Captcha\training/Burnt-1\5R4Y.png,0
C:\Users\Timothy\Project\Captcha\training/Burnt-1\5R5M.png,0
C:\Users\Timothy\Project\Captcha\training/Burnt-1\5R8S.png,0
C:\Users\Timothy\Project\Captcha\training/Burnt-1\5R9W.png,0
C:\Users\Timothy\Project\Captcha\training/Burnt-1\5RCC.png,0
C:\Users\Timothy\Project\Captcha\training/Burnt-1\5RJA.png,0
C:\Users\Timothy\Project\Captcha\training/Burnt-1\5RRR.png,0
C:\Users\Timothy\Project\Captcha\training/Burnt-1\5RS8.png,0
C:\Users\Timothy\Project\Captcha\training/Burnt-1\5RXN.png,0
C:\Users\Timothy\Project\Captcha\training/Burnt-1\5S3C.png,0
C:\Users\Timothy\Project\Captcha\training/Burnt-1\5SJW.png,0
C:\Users\Timothy\Project\Captcha\training/Burnt-1\5SKM.png,0
C:\Users\Timothy\Project\Captcha\training/Burnt-1\5SMR.png,0
C:\Users\Timothy\Project\Captcha\training/Burnt-1\5SPW.png,0
C:\Users\Timothy\Project\Captcha\training/Burnt-1\5STC.png,0
C:\Users\Timothy\Project\Captcha\training/Burnt-1\5SWB.png,0
C:\Users\Timothy\Project\Captcha\training/Burnt-1\5SWR.png,0
C:\Users\Timothy\Project\Captcha\training/Burnt-1\5T3N.png,0
C:\Users\Timothy\Project\Captcha\training/Burnt-1\5T63.png,0
C:\Users\Timothy\Project\Captcha\training/Burnt-1\5T6C.png,0
C:\Users\Timothy\Project\Captcha\training/Burnt-1\5T8Y.png,0
C:\Users\Timothy\Project\Captcha\training/Burnt-1\5TBC.png,0
C:\Users\Timothy\Project\Captcha\training/Burnt-1\5TBV.png,0
C:\Users\Timothy\Project\Captcha\training/Burnt-1\5TEW.png,0
C:\Users\Timothy\Project\Captcha\training/Burnt-1\5TKB.png,0
C:\Users\Timothy\Project\Captcha\training/Burnt-1\5TSV.png,0
C:\Users\Timothy\Project\Captcha\training/Burnt-1\5U6J.png,0
C:\Users\Timothy\Project\Captcha\training/Burnt-1\5U6X.png,0
C:\Users\Timothy\Project\Captcha\training/Burnt-1\5U83.png,0
C:\Users\Timothy\Project\Captcha\training/Burnt-1\5U8A.png,0
C:\Users\Timothy\Project\Captcha\training/Burnt-1\5U9K.png,0
C:\Users\Timothy\Project\Captcha\training/Burnt-1\5UNJ.png,0
C:\Users\Timothy\Project\Captcha\training/Burnt-1\5USM.png,0
C:\Users\Timothy\Project\Captcha\training/Burnt-1\5UX4.png,0
C:\Users\Timothy\Project\Captcha\training/Burnt-1\5VA8.png,0
C:\Users\Timothy\Project\Captcha\training/Burnt-1\5VB6.png,0
C:\Users\Timothy\Project\Captcha\training/Burnt-1\5VHR.png,0
C:\Users\Timothy\Project\Captcha\training/Burnt-1\5VNX.png,0
C:\Users\Timothy\Project\Captcha\training/Burnt-1\5VRX.png,0
C:\Users\Timothy\Project\Captcha\training/Burnt-1\5VT8.png,0
C:\Users\Timothy\Project\Captcha\training/Burnt-1\5VTK.png,0
C:\Users\Timothy\Project\Captcha\training/Burnt-1\5VWK.png,0
C:\Users\Timothy\Project\Captcha\training/Burnt-1\5W9C.png,0
C:\Users\Timothy\Project\Captcha\training/Burnt-1\5WH8.png,0
C:\Users\Timothy\Project\Captcha\training/Burnt-1\5WHK.png,0
C:\Users\Timothy\Project\Captcha\training/Burnt-1\5WKB.png,0
C:\Users\Timothy\Project\Captcha\training/Burnt-1\5WKJ.png,0
C:\Users\Timothy\Project\Captcha\training/Burnt-1\5WRT.png,0
C:\Users\Timothy\Project\Captcha\training/Burnt-1\5WXN.png,0
C:\Users\Timothy\Project\Captcha\training/Burnt-1\5WY3.png,0
C:\Users\Timothy\Project\Captcha\training/Burnt-1\5WY5.png,0
C:\Users\Timothy\Project\Captcha\training/Burnt-1\5WYX.png,0
C:\Users\Timothy\Project\Captcha\training/Burnt-1\5X33.png,0
C:\Users\Timothy\Project\Captcha\training/Burnt-1\5X54.png,0
C:\Users\Timothy\Project\Captcha\training/Burnt-1\5X8S.png,0
C:\Users\Timothy\Project\Captcha\training/Burnt-1\5X9D.png,0
C:\Users\Timothy\Project\Captcha\training/Burnt-1\5XA5.png,0
C:\Users\Timothy\Project\Captcha\training/Burnt-1\5XE5.png,0
C:\Users\Timothy\Project\Captcha\training/Burnt-1\5XP9.png,0
C:\Users\Timothy\Project\Captcha\training/Burnt-1\5XPH.png,0
C:\Users\Timothy\Project\Captcha\training/Burnt-1\5XPJ.png,0
C:\Users\Timothy\Project\Captcha\training/Burnt-1\5XXW.png,0
C:\Users\Timothy\Project\Captcha\training/Burnt-1\5XYN.png,0
C:\Users\Timothy\Project\Captcha\training/Burnt-1\5YM4.png,0
C:\Users\Timothy\Project\Captcha\training/Burnt-1\5YUC.png,0
C:\Users\Timothy\Project\Captcha\training/Burnt-1\635D.png,0
C:\Users\Timothy\Project\Captcha\training/Burnt-1\6385.png,0
C:\Users\Timothy\Project\Captcha\training/Burnt-1\639Y.png,0
C:\Users\Timothy\Project\Captcha\training/Burnt-1\63C4.png,0
C:\Users\Timothy\Project\Captcha\training/Burnt-1\63DH.png,0
C:\Users\Timothy\Project\Captcha\training/Burnt-1\63E8.png,0
C:\Users\Timothy\Project\Captcha\training/Burnt-1\63KC.png,0
C:\Users\Timothy\Project\Captcha\training/Burnt-1\63S8.png,0
C:\Users\Timothy\Project\Captcha\training/Burnt-1\63SV.png,0
C:\Users\Timothy\Project\Captcha\training/Burnt-1\63WM.png,0
C:\Users\Timothy\Project\Captcha\training/Burnt-1\63WR.png,0
C:\Users\Timothy\Project\Captcha\training/Burnt-1\6446.png,0
C:\Users\Timothy\Project\Captcha\training/Burnt-1\64B9.png,0
C:\Users\Timothy\Project\Captcha\training/Burnt-1\64HA.png,0
C:\Users\Timothy\Project\Captcha\training/Burnt-1\64MV.png,0
C:\Users\Timothy\Project\Captcha\training/Burnt-1\64NY.png,0
C:\Users\Timothy\Project\Captcha\training/Burnt-1\64RE.png,0
C:\Users\Timothy\Project\Captcha\training/Burnt-1\64TR.png,0
C:\Users\Timothy\Project\Captcha\training/Burnt-1\64W3.png,0
C:\Users\Timothy\Project\Captcha\training/Burnt-1\64WX.png,0
C:\Users\Timothy\Project\Captcha\training/Burnt-1\64XY.png,0
C:\Users\Timothy\Project\Captcha\training/Burnt-1\64YK.png,0
C:\Users\Timothy\Project\Captcha\training/Burnt-1\653X.png,0
C:\Users\Timothy\Project\Captcha\training/Burnt-1\654N.png,0
C:\Users\Timothy\Project\Captcha\training/Burnt-1\656B.png,0
C:\Users\Timothy\Project\Captcha\training/Burnt-1\658D.png,0
C:\Users\Timothy\Project\Captcha\training/Burnt-1\659D.png,0
C:\Users\Timothy\Project\Captcha\training/Burnt-1\65B3.png,0
C:\Users\Timothy\Project\Captcha\training/Burnt-1\65ET.png,0
C:\Users\Timothy\Project\Captcha\training/Burnt-1\65H8.png,0
C:\Users\Timothy\Project\Captcha\training/Burnt-1\65XB.png,0
C:\Users\Timothy\Project\Captcha\training/Burnt-1\65YC.png,0
C:\Users\Timothy\Project\Captcha\training/Burnt-1\668M.png,0
C:\Users\Timothy\Project\Captcha\training/Burnt-1\66AK.png,0
C:\Users\Timothy\Project\Captcha\training/Burnt-1\66JS.png,0
C:\Users\Timothy\Project\Captcha\training/Burnt-1\66KR.png,0
C:\Users\Timothy\Project\Captcha\training/Burnt-1\66WH.png,0
C:\Users\Timothy\Project\Captcha\training/Burnt-1\685P.png,0
C:\Users\Timothy\Project\Captcha\training/Burnt-1\68MM.png,0
C:\Users\Timothy\Project\Captcha\training/Burnt-1\68VY.png,0
C:\Users\Timothy\Project\Captcha\training/Burnt-1\69BN.png,0
C:\Users\Timothy\Project\Captcha\training/Burnt-1\69J6.png,0
C:\Users\Timothy\Project\Captcha\training/Burnt-1\69KV.png,0
C:\Users\Timothy\Project\Captcha\training/Burnt-1\69NJ.png,0
C:\Users\Timothy\Project\Captcha\training/Burnt-1\69RX.png,0
C:\Users\Timothy\Project\Captcha\training/Burnt-1\69SU.png,0
C:\Users\Timothy\Project\Captcha\training/Burnt-1\6A3J.png,0
C:\Users\Timothy\Project\Captcha\training/Burnt-1\6A4H.png,0
C:\Users\Timothy\Project\Captcha\training/Burnt-1\6A4Y.png,0
C:\Users\Timothy\Project\Captcha\training/Burnt-1\6A83.png,0
C:\Users\Timothy\Project\Captcha\training/Burnt-1\6A95.png,0
C:\Users\Timothy\Project\Captcha\training/Burnt-1\6ACS.png,0
C:\Users\Timothy\Project\Captcha\training/Burnt-1\6AEN.png,0
C:\Users\Timothy\Project\Captcha\training/Burnt-1\6AH3.png,0
C:\Users\Timothy\Project\Captcha\training/Burnt-1\6AWH.png,0
C:\Users\Timothy\Project\Captcha\training/Burnt-1\6B3J.png,0
C:\Users\Timothy\Project\Captcha\training/Burnt-1\6B94.png,0
C:\Users\Timothy\Project\Captcha\training/Burnt-1\6B9M.png,0
C:\Users\Timothy\Project\Captcha\training/Burnt-1\6BC5.png,0
C:\Users\Timothy\Project\Captcha\training/Burnt-1\6BEM.png,0
C:\Users\Timothy\Project\Captcha\training/Burnt-1\6BNP.png,0
C:\Users\Timothy\Project\Captcha\training/Burnt-1\6BRW.png,0
C:\Users\Timothy\Project\Captcha\training/Burnt-1\6BVB.png,0
C:\Users\Timothy\Project\Captcha\training/Burnt-1\6C65.png,0
C:\Users\Timothy\Project\Captcha\training/Burnt-1\6CAP.png,0
C:\Users\Timothy\Project\Captcha\training/Burnt-1\6CDB.png,0
C:\Users\Timothy\Project\Captcha\training/Burnt-1\6CDM.png,0
C:\Users\Timothy\Project\Captcha\training/Burnt-1\6CDX.png,0
C:\Users\Timothy\Project\Captcha\training/Burnt-1\6CKJ.png,0
C:\Users\Timothy\Project\Captcha\training/Burnt-1\6CXT.png,0
C:\Users\Timothy\Project\Captcha\training/Burnt-1\6CYJ.png,0
C:\Users\Timothy\Project\Captcha\training/Burnt-1\6D93.png,0
C:\Users\Timothy\Project\Captcha\training/Burnt-1\6DA5.png,0
C:\Users\Timothy\Project\Captcha\training/Burnt-1\6DEH.png,0
C:\Users\Timothy\Project\Captcha\training/Burnt-1\6DKV.png,0
C:\Users\Timothy\Project\Captcha\training/Burnt-1\6DSP.png,0
C:\Users\Timothy\Project\Captcha\training/Burnt-1\6DX8.png,0
C:\Users\Timothy\Project\Captcha\training/Burnt-1\6DYB.png,0
C:\Users\Timothy\Project\Captcha\training/Burnt-1\6E3M.png,0
C:\Users\Timothy\Project\Captcha\training/Burnt-1\6EHP.png,0
C:\Users\Timothy\Project\Captcha\training/Burnt-1\6EMH.png,0
C:\Users\Timothy\Project\Captcha\training/Burnt-1\6ESC.png,0
C:\Users\Timothy\Project\Captcha\training/Burnt-1\6ESR.png,0
C:\Users\Timothy\Project\Captcha\training/Burnt-1\6H4S.png,0
C:\Users\Timothy\Project\Captcha\training/Burnt-1\6H8W.png,0
C:\Users\Timothy\Project\Captcha\training/Burnt-1\6HEH.png,0
C:\Users\Timothy\Project\Captcha\training/Burnt-1\6HHJ.png,0
C:\Users\Timothy\Project\Captcha\training/Burnt-1\6HPS.png,0
C:\Users\Timothy\Project\Captcha\training/Burnt-1\6HSD.png,0
C:\Users\Timothy\Project\Captcha\training/Burnt-1\6HU3.png,0
C:\Users\Timothy\Project\Captcha\training/Burnt-1\6HWU.png,0
C:\Users\Timothy\Project\Captcha\training/Burnt-1\6J5K.png,0
C:\Users\Timothy\Project\Captcha\training/Burnt-1\6JDE.png,0
C:\Users\Timothy\Project\Captcha\training/Burnt-1\6JE6.png,0
C:\Users\Timothy\Project\Captcha\training/Burnt-1\6JEM.png,0
C:\Users\Timothy\Project\Captcha\training/Burnt-1\6JHB.png,0
C:\Users\Timothy\Project\Captcha\training/Burnt-1\6JKD.png,0
C:\Users\Timothy\Project\Captcha\training/Burnt-1\6JKW.png,0
C:\Users\Timothy\Project\Captcha\training/Burnt-1\6JXJ.png,0
C:\Users\Timothy\Project\Captcha\training/Burnt-1\6K3Y.png,0
C:\Users\Timothy\Project\Captcha\training/Burnt-1\6K48.png,0
C:\Users\Timothy\Project\Captcha\training/Burnt-1\6K6C.png,0
C:\Users\Timothy\Project\Captcha\training/Burnt-1\6K8V.png,0
C:\Users\Timothy\Project\Captcha\training/Burnt-1\6KB3.png,0
C:\Users\Timothy\Project\Captcha\training/Burnt-1\6KBU.png,0
C:\Users\Timothy\Project\Captcha\training/Burnt-1\6KCU.png,0
C:\Users\Timothy\Project\Captcha\training/Burnt-1\6KDJ.png,0
C:\Users\Timothy\Project\Captcha\training/Burnt-1\6KHP.png,0
C:\Users\Timothy\Project\Captcha\training/Burnt-1\6KJE.png,0
C:\Users\Timothy\Project\Captcha\training/Burnt-1\6KM3.png,0
C:\Users\Timothy\Project\Captcha\training/Burnt-1\6KMN.png,0
C:\Users\Timothy\Project\Captcha\training/Burnt-1\6KMY.png,0
C:\Users\Timothy\Project\Captcha\training/Burnt-1\6KP4.png,0
C:\Users\Timothy\Project\Captcha\training/Burnt-1\6KTD.png,0
C:\Users\Timothy\Project\Captcha\training/Burnt-1\6KTJ.png,0
C:\Users\Timothy\Project\Captcha\training/Burnt-1\6KUA.png,0
C:\Users\Timothy\Project\Captcha\training/Burnt-1\6KWM.png,0
C:\Users\Timothy\Project\Captcha\training/Burnt-1\6M9W.png,0
C:\Users\Timothy\Project\Captcha\training/Burnt-1\6MAS.png,0
C:\Users\Timothy\Project\Captcha\training/Burnt-1\6MBA.png,0
C:\Users\Timothy\Project\Captcha\training/Burnt-1\6MDX.png,0
C:\Users\Timothy\Project\Captcha\training/Burnt-1\6MJD.png,0
C:\Users\Timothy\Project\Captcha\training/Burnt-1\6MPD.png,0
C:\Users\Timothy\Project\Captcha\training/Burnt-1\6MPV.png,0
C:\Users\Timothy\Project\Captcha\training/Burnt-1\6MYB.png,0
C:\Users\Timothy\Project\Captcha\training/Burnt-1\6N4J.png,0
C:\Users\Timothy\Project\Captcha\training/Burnt-1\6N5T.png,0
C:\Users\Timothy\Project\Captcha\training/Burnt-1\6N85.png,0
C:\Users\Timothy\Project\Captcha\training/Burnt-1\6NUA.png,0
C:\Users\Timothy\Project\Captcha\training/Burnt-1\6NWD.png,0
C:\Users\Timothy\Project\Captcha\training/Burnt-1\6NX6.png,0
C:\Users\Timothy\Project\Captcha\training/Burnt-1\6NYC.png,0
C:\Users\Timothy\Project\Captcha\training/Burnt-1\6P3T.png,0
C:\Users\Timothy\Project\Captcha\training/Burnt-1\6PC6.png,0
C:\Users\Timothy\Project\Captcha\training/Burnt-1\6PHS.png,0
C:\Users\Timothy\Project\Captcha\training/Burnt-1\6PKM.png,0
C:\Users\Timothy\Project\Captcha\training/Burnt-1\6PMN.png,0
C:\Users\Timothy\Project\Captcha\training/Burnt-1\6PNT.png,0
C:\Users\Timothy\Project\Captcha\training/Burnt-1\6PTY.png,0
C:\Users\Timothy\Project\Captcha\training/Burnt-1\6PUS.png,0
C:\Users\Timothy\Project\Captcha\training/Burnt-1\6R5N.png,0
C:\Users\Timothy\Project\Captcha\training/Burnt-1\6RSR.png,0
C:\Users\Timothy\Project\Captcha\training/Burnt-1\6RVR.png,0
C:\Users\Timothy\Project\Captcha\training/Burnt-1\6RXM.png,0
C:\Users\Timothy\Project\Captcha\training/Burnt-1\6S3W.png,0
C:\Users\Timothy\Project\Captcha\training/Burnt-1\6SKJ.png,0
C:\Users\Timothy\Project\Captcha\training/Burnt-1\6SKU.png,0
C:\Users\Timothy\Project\Captcha\training/Burnt-1\6SRV.png,0
C:\Users\Timothy\Project\Captcha\training/Burnt-1\6SV9.png,0
C:\Users\Timothy\Project\Captcha\training/Burnt-1\6SWS.png,0
C:\Users\Timothy\Project\Captcha\training/Burnt-1\6SXJ.png,0
C:\Users\Timothy\Project\Captcha\training/Burnt-1\6T4N.png,0
C:\Users\Timothy\Project\Captcha\training/Burnt-1\6T5P.png,0
C:\Users\Timothy\Project\Captcha\training/Burnt-1\6T5W.png,0
C:\Users\Timothy\Project\Captcha\training/Burnt-1\6T5X.png,0
C:\Users\Timothy\Project\Captcha\training/Burnt-1\6TDB.png,0
C:\Users\Timothy\Project\Captcha\training/Burnt-1\6TN4.png,0
C:\Users\Timothy\Project\Captcha\training/Burnt-1\6TY8.png,0
C:\Users\Timothy\Project\Captcha\training/Burnt-1\6UB8.png,0
C:\Users\Timothy\Project\Captcha\training/Burnt-1\6UCC.png,0
C:\Users\Timothy\Project\Captcha\training/Burnt-1\6UDV.png,0
C:\Users\Timothy\Project\Captcha\training/Burnt-1\6UK4.png,0
C:\Users\Timothy\Project\Captcha\training/Burnt-1\6UN8.png,0
C:\Users\Timothy\Project\Captcha\training/Burnt-1\6UNM.png,0
C:\Users\Timothy\Project\Captcha\training/Burnt-1\6UPC.png,0
C:\Users\Timothy\Project\Captcha\training/Burnt-1\6UTV.png,0
C:\Users\Timothy\Project\Captcha\training/Burnt-1\6UVY.png,0
C:\Users\Timothy\Project\Captcha\training/Burnt-1\6UWP.png,0
C:\Users\Timothy\Project\Captcha\training/Burnt-1\6V9C.png,0
C:\Users\Timothy\Project\Captcha\training/Burnt-1\6V9E.png,0
C:\Users\Timothy\Project\Captcha\training/Burnt-1\6VA9.png,0
C:\Users\Timothy\Project\Captcha\training/Burnt-1\6VHX.png,0
C:\Users\Timothy\Project\Captcha\training/Burnt-1\6VNW.png,0
C:\Users\Timothy\Project\Captcha\training/Burnt-1\6VUX.png,0
C:\Users\Timothy\Project\Captcha\training/Burnt-1\6VXR.png,0
C:\Users\Timothy\Project\Captcha\training/Burnt-1\6W9H.png,0
C:\Users\Timothy\Project\Captcha\training/Burnt-1\6W9S.png,0
C:\Users\Timothy\Project\Captcha\training/Burnt-1\6WHP.png,0
C:\Users\Timothy\Project\Captcha\training/Burnt-1\6WK9.png,0
C:\Users\Timothy\Project\Captcha\training/Burnt-1\6WMN.png,0
C:\Users\Timothy\Project\Captcha\training/Burnt-1\6WND.png,0
C:\Users\Timothy\Project\Captcha\training/Burnt-1\6WRE.png,0
C:\Users\Timothy\Project\Captcha\training/Burnt-1\6WSB.png,0
C:\Users\Timothy\Project\Captcha\training/Burnt-1\6WU6.png,0
C:\Users\Timothy\Project\Captcha\training/Burnt-1\6WVT.png,0
C:\Users\Timothy\Project\Captcha\training/Burnt-1\6WWX.png,0
C:\Users\Timothy\Project\Captcha\training/Burnt-1\6X3M.png,0
C:\Users\Timothy\Project\Captcha\training/Burnt-1\6X4R.png,0
C:\Users\Timothy\Project\Captcha\training/Burnt-1\6X5Y.png,0
C:\Users\Timothy\Project\Captcha\training/Burnt-1\6X6C.png,0
C:\Users\Timothy\Project\Captcha\training/Burnt-1\6X6S.png,0
C:\Users\Timothy\Project\Captcha\training/Burnt-1\6XCW.png,0
C:\Users\Timothy\Project\Captcha\training/Burnt-1\6XDT.png,0
C:\Users\Timothy\Project\Captcha\training/Burnt-1\6XH9.png,0
C:\Users\Timothy\Project\Captcha\training/Burnt-1\6XJU.png,0
C:\Users\Timothy\Project\Captcha\training/Burnt-1\6XNP.png,0
C:\Users\Timothy\Project\Captcha\training/Burnt-1\6XTR.png,0
C:\Users\Timothy\Project\Captcha\training/Burnt-1\6XTW.png,0
C:\Users\Timothy\Project\Captcha\training/Burnt-1\6XUV.png,0
C:\Users\Timothy\Project\Captcha\training/Burnt-1\6Y4C.png,0
C:\Users\Timothy\Project\Captcha\training/Burnt-1\6Y5E.png,0
C:\Users\Timothy\Project\Captcha\training/Burnt-1\6Y5K.png,0
C:\Users\Timothy\Project\Captcha\training/Burnt-1\6Y64.png,0
C:\Users\Timothy\Project\Captcha\training/Burnt-1\6YEJ.png,0
C:\Users\Timothy\Project\Captcha\training/Burnt-1\6YSN.png,0
C:\Users\Timothy\Project\Captcha\training/Burnt-1\6YTD.png,0
C:\Users\Timothy\Project\Captcha\training/Burnt-1\6YWX.png,0
C:\Users\Timothy\Project\Captcha\training/Burnt-1\835S.png,0
C:\Users\Timothy\Project\Captcha\training/Burnt-1\8385.png,0
C:\Users\Timothy\Project\Captcha\training/Burnt-1\83AR.png,0
C:\Users\Timothy\Project\Captcha\training/Burnt-1\83D8.png,0
C:\Users\Timothy\Project\Captcha\training/Burnt-1\83EV.png,0
C:\Users\Timothy\Project\Captcha\training/Burnt-1\83JC.png,0
C:\Users\Timothy\Project\Captcha\training/Burnt-1\83KT.png,0
C:\Users\Timothy\Project\Captcha\training/Burnt-1\83R5.png,0
C:\Users\Timothy\Project\Captcha\training/Burnt-1\83R8.png,0
C:\Users\Timothy\Project\Captcha\training/Burnt-1\83US.png,0
C:\Users\Timothy\Project\Captcha\training/Burnt-1\83UY.png,0
C:\Users\Timothy\Project\Captcha\training/Burnt-1\843T.png,0
